-- MySQL dump 10.13  Distrib 8.0.19, for Win64 (x86_64)
--
-- Host: localhost    Database: tawnee_harris_1
-- ------------------------------------------------------
-- Server version	8.0.19

/*!40101 SET @OLD_CHARACTER_SET_CLIENT=@@CHARACTER_SET_CLIENT */;
/*!40101 SET @OLD_CHARACTER_SET_RESULTS=@@CHARACTER_SET_RESULTS */;
/*!40101 SET @OLD_COLLATION_CONNECTION=@@COLLATION_CONNECTION */;
/*!50503 SET NAMES utf8 */;
/*!40103 SET @OLD_TIME_ZONE=@@TIME_ZONE */;
/*!40103 SET TIME_ZONE='+00:00' */;
/*!40014 SET @OLD_UNIQUE_CHECKS=@@UNIQUE_CHECKS, UNIQUE_CHECKS=0 */;
/*!40014 SET @OLD_FOREIGN_KEY_CHECKS=@@FOREIGN_KEY_CHECKS, FOREIGN_KEY_CHECKS=0 */;
/*!40101 SET @OLD_SQL_MODE=@@SQL_MODE, SQL_MODE='NO_AUTO_VALUE_ON_ZERO' */;
/*!40111 SET @OLD_SQL_NOTES=@@SQL_NOTES, SQL_NOTES=0 */;

--
-- Table structure for table `__efmigrationshistory`
--

DROP TABLE IF EXISTS `__efmigrationshistory`;
/*!40101 SET @saved_cs_client     = @@character_set_client */;
/*!50503 SET character_set_client = utf8mb4 */;
CREATE TABLE `__efmigrationshistory` (
  `MigrationId` varchar(95) NOT NULL,
  `ProductVersion` varchar(32) NOT NULL,
  PRIMARY KEY (`MigrationId`)
) ENGINE=InnoDB DEFAULT CHARSET=utf8mb4 COLLATE=utf8mb4_0900_ai_ci;
/*!40101 SET character_set_client = @saved_cs_client */;

--
-- Dumping data for table `__efmigrationshistory`
--

LOCK TABLES `__efmigrationshistory` WRITE;
/*!40000 ALTER TABLE `__efmigrationshistory` DISABLE KEYS */;
INSERT INTO `__efmigrationshistory` VALUES ('20210108182859_Initial','2.2.6-servicing-10079'),('20210109001120_Second','2.2.6-servicing-10079');
/*!40000 ALTER TABLE `__efmigrationshistory` ENABLE KEYS */;
UNLOCK TABLES;

--
-- Table structure for table `engineermachine`
--

DROP TABLE IF EXISTS `engineermachine`;
/*!40101 SET @saved_cs_client     = @@character_set_client */;
/*!50503 SET character_set_client = utf8mb4 */;
CREATE TABLE `engineermachine` (
  `EngineerMachineId` int NOT NULL AUTO_INCREMENT,
  `EngineerId` int NOT NULL,
  `MachineId` int NOT NULL,
  PRIMARY KEY (`EngineerMachineId`),
  KEY `IX_EngineerMachine_EngineerId` (`EngineerId`),
  KEY `IX_EngineerMachine_MachineId` (`MachineId`),
  CONSTRAINT `FK_EngineerMachine_Engineers_EngineerId` FOREIGN KEY (`EngineerId`) REFERENCES `engineers` (`EngineerId`) ON DELETE CASCADE,
  CONSTRAINT `FK_EngineerMachine_Machines_MachineId` FOREIGN KEY (`MachineId`) REFERENCES `machines` (`MachineId`) ON DELETE CASCADE
) ENGINE=InnoDB AUTO_INCREMENT=28 DEFAULT CHARSET=utf8mb4 COLLATE=utf8mb4_0900_ai_ci;
/*!40101 SET character_set_client = @saved_cs_client */;

--
-- Dumping data for table `engineermachine`
--

LOCK TABLES `engineermachine` WRITE;
/*!40000 ALTER TABLE `engineermachine` DISABLE KEYS */;
INSERT INTO `engineermachine` VALUES (20,2,5),(21,7,7),(23,8,5),(24,8,4),(26,8,8),(27,2,8);
/*!40000 ALTER TABLE `engineermachine` ENABLE KEYS */;
UNLOCK TABLES;

--
-- Table structure for table `engineers`
--

DROP TABLE IF EXISTS `engineers`;
/*!40101 SET @saved_cs_client     = @@character_set_client */;
/*!50503 SET character_set_client = utf8mb4 */;
CREATE TABLE `engineers` (
  `EngineerId` int NOT NULL AUTO_INCREMENT,
  `Name` longtext,
  `HireDate` longtext,
  PRIMARY KEY (`EngineerId`)
) ENGINE=InnoDB AUTO_INCREMENT=10 DEFAULT CHARSET=utf8mb4 COLLATE=utf8mb4_0900_ai_ci;
/*!40101 SET character_set_client = @saved_cs_client */;

--
-- Dumping data for table `engineers`
--

LOCK TABLES `engineers` WRITE;
/*!40000 ALTER TABLE `engineers` DISABLE KEYS */;
INSERT INTO `engineers` VALUES (2,'Sasha','11/01/2015'),(7,'Roger','01/01/2012'),(8,'David','01/01/2020'),(9,'Liam','01/02/2021');
/*!40000 ALTER TABLE `engineers` ENABLE KEYS */;
UNLOCK TABLES;

--
-- Table structure for table `machines`
--

DROP TABLE IF EXISTS `machines`;
/*!40101 SET @saved_cs_client     = @@character_set_client */;
/*!50503 SET character_set_client = utf8mb4 */;
CREATE TABLE `machines` (
  `MachineId` int NOT NULL AUTO_INCREMENT,
  `Name` longtext,
  `Status` longtext,
  PRIMARY KEY (`MachineId`)
) ENGINE=InnoDB AUTO_INCREMENT=9 DEFAULT CHARSET=utf8mb4 COLLATE=utf8mb4_0900_ai_ci;
/*!40101 SET character_set_client = @saved_cs_client */;

--
-- Dumping data for table `machines`
--

LOCK TABLES `machines` WRITE;
/*!40000 ALTER TABLE `machines` DISABLE KEYS */;
INSERT INTO `machines` VALUES (4,'Dreamweaver','New'),(5,'Laughbox','New'),(7,'SillyStringifyier','Needs Repair'),(8,'Bubblewrappinator 2.0 ','New');
/*!40000 ALTER TABLE `machines` ENABLE KEYS */;
UNLOCK TABLES;
/*!40103 SET TIME_ZONE=@OLD_TIME_ZONE */;

/*!40101 SET SQL_MODE=@OLD_SQL_MODE */;
/*!40014 SET FOREIGN_KEY_CHECKS=@OLD_FOREIGN_KEY_CHECKS */;
/*!40014 SET UNIQUE_CHECKS=@OLD_UNIQUE_CHECKS */;
/*!40101 SET CHARACTER_SET_CLIENT=@OLD_CHARACTER_SET_CLIENT */;
/*!40101 SET CHARACTER_SET_RESULTS=@OLD_CHARACTER_SET_RESULTS */;
/*!40101 SET COLLATION_CONNECTION=@OLD_COLLATION_CONNECTION */;
/*!40111 SET SQL_NOTES=@OLD_SQL_NOTES */;

-- Dump completed on 2021-01-08 16:38:12
